group_by,group,scene_count,canonical_retained_scene_count,canonical_scene_retention_macro,valid_pairs_micro,pair_coverage_share,accepted_attempted_ratio_micro,accepted_total_ratio_micro,mean_reliability_score_macro,mean_severe_outlier_ratio_macro,mean_robust_reject_ratio_macro,mean_delta_edge_f1_macro,mean_delta_grad_ncc_macro
light_condition,day,7,5,0.7142857142857143,2703,0.4477389431837005,0.7489786654561961,0.6104328523862376,70.49083734968501,0.047619047619047616,0.11630423258418628,0.1260503476044396,0.11825829983033065
light_condition,lowlight,3,1,0.3333333333333333,1326,0.2196455192976644,0.6127320954907162,0.34841628959276016,58.79089502659082,0.05555555555555555,0.15378120908393153,0.16715818859113582,0.12706229506040992
light_condition,night,5,3,0.6,2008,0.3326155375186351,0.40561797752808987,0.1797808764940239,62.58269828183661,0.03333333333333333,0.19161078117401975,0.11525242980380601,0.13878178408876285
thermal_rendering,grayscale,8,5,0.625,1483,0.2456518138148087,0.6012207527975585,0.3985165205664194,64.8274655535937,0.05208333333333333,0.18221437527408574,0.10866820584309383,0.12394301260072745
thermal_rendering,pseudocolor,7,4,0.5714285714285714,4554,0.7543481861851913,0.6571229050279329,0.4132630654369785,66.300330501143,0.03571428571428571,0.11083030843121591,0.15582050018268054,0.13019425766164844
view,general,11,7,0.6363636363636364,5847,0.9685274142786152,0.6294777139732021,0.3937061741063793,65.28184491817208,0.03787878787878787,0.12075505573931875,0.13862328076656813,0.12771815455686106
view,wide,2,1,0.5,95,0.015736292860692398,0.9052631578947369,0.9052631578947369,75.89541073768403,0.041666666666666664,0.21621621621621623,0.1577012470063427,0.16769406024010675
view,zoom,2,1,0.5,95,0.015736292860692398,0.8947368421052632,0.8947368421052632,56.41546118074476,0.08333333333333333,0.23639455782312924,0.05991528278928995,0.08130804191583685
