stage,scene_count,stage_pass_count,qa_pass_count,mean_accepted_frames,mean_delta_edge_f1,mean_delta_grad_ncc,mean_severe_outlier_ratio,mean_robust_reject_ratio,mean_median_disp_to_aggregate_mean_px
pairwise_evidence_only,8,8,5,13.625,0.12349754093338558,0.12572392345076636,0.10416666666666667,0.20369760957996252,151.2202507615431
robust_scene_consensus,8,8,5,13.625,0.1456162649616191,0.1490257486151925,0.041666666666666664,0.20369760957996252,52.460610534273506
qa_aware_verification,8,5,5,26,0.14635886094704634,0.14826387457592258,0.041666666666666664,0.1346031787761111,57.66437557513609
